{
  "kind": "collectionType",
  "collectionName": "tasks",
  "info": {
    "singularName": "task",
    "pluralName": "tasks",
    "displayName": "Task"
  },
  "options": {
    "draftAndPublish": true
  },
  "pluginOptions": {},
  "attributes": {
    "title": {
      "type": "string"
    },
    "description": {
      "type": "richtext"
    },
    "due_date": {
      "type": "datetime"
    },
    "priority": {
      "type": "integer"
    },
    "status": {
      "type": "enumeration",
      "enum": [
        "open",
        "in_progres",
        "completed"
      ]
    },
    "users_permissions_user": {
      "type": "relation",
      "relation": "oneToOne",
      "target": "plugin::users-permissions.user",
      "inversedBy": "task"
    },
    "reminders": {
      "type": "relation",
      "relation": "oneToMany",
      "target": "api::reminder.reminder",
      "mappedBy": "task"
    }
  }
}
