{
  "kind": "collectionType",
  "collectionName": "profiles",
  "info": {
    "singularName": "profile",
    "pluralName": "profiles",
    "displayName": "Profile"
  },
  "options": {
    "draftAndPublish": true
  },
  "pluginOptions": {},
  "attributes": {
    "name": {
      "type": "string"
    },
    "photo": {
      "allowedTypes": [
        "images",
        "files",
        "videos",
        "audios"
      ],
      "type": "media",
      "multiple": false
    },
    "bio": {
      "type": "richtext"
    },
    "users_permissions_user": {
      "type": "relation",
      "relation": "oneToOne",
      "target": "plugin::users-permissions.user",
      "inversedBy": "profile"
    }
  }
}
