{
  "kind": "collectionType",
  "collectionName": "reminders",
  "info": {
    "singularName": "reminder",
    "pluralName": "reminders",
    "displayName": "Reminder"
  },
  "options": {
    "draftAndPublish": true
  },
  "pluginOptions": {},
  "attributes": {
    "title": {
      "type": "string"
    },
    "description": {
      "type": "richtext"
    },
    "due_date": {
      "type": "datetime"
    },
    "status": {
      "type": "enumeration",
      "enum": [
        "open",
        "in_progress",
        "completed"
      ]
    },
    "task": {
      "type": "relation",
      "relation": "manyToOne",
      "target": "api::task.task",
      "inversedBy": "reminders"
    }
  }
}
