{
  "kind": "collectionType",
  "collectionName": "settings",
  "info": {
    "singularName": "setting",
    "pluralName": "settings",
    "displayName": "Setting"
  },
  "options": {
    "draftAndPublish": true
  },
  "pluginOptions": {},
  "attributes": {
    "darkmode": {
      "type": "boolean"
    },
    "notification": {
      "type": "boolean"
    },
    "users_permissions_user": {
      "type": "relation",
      "relation": "oneToOne",
      "target": "plugin::users-permissions.user",
      "inversedBy": "setting"
    }
  }
}
